{"options":{"collation":{"locale":"pt","caseLevel":false,"caseFirst":"off","strength":3,"numericOrdering":false,"alternate":"non-ignorable","maxVariable":"punct","normalization":false,"backwards":false,"version":"57.1"}},"indexes":[{"v":2,"key":{"_id":1},"name":"_id_","ns":"twitter.food","collation":{"locale":"pt","caseLevel":false,"caseFirst":"off","strength":3,"numericOrdering":false,"alternate":"non-ignorable","maxVariable":"punct","normalization":false,"backwards":false,"version":"57.1"}},{"v":2,"key":{"name":1.0},"name":"name_1","ns":"twitter.food","collation":{"locale":"pt","caseLevel":false,"caseFirst":"off","strength":1,"numericOrdering":false,"alternate":"non-ignorable","maxVariable":"punct","normalization":false,"backwards":false,"version":"57.1"}},{"v":2,"key":{"sold_in":1.0},"name":"sold_in_1","ns":"twitter.food","collation":{"locale":"pt","caseLevel":false,"caseFirst":"off","strength":3,"numericOrdering":false,"alternate":"non-ignorable","maxVariable":"punct","normalization":false,"backwards":false,"version":"57.1"}}]}