{"_id":{"$oid":"581a552eaea1ef00ffc7d2c6"},"name":"Café liégeois","sold_in":["FR"]}
{"_id":{"$oid":"581a5533aea1ef00ffc7d2c7"},"name":"Crème brûlée","sold_in":["FR"]}
{"_id":{"$oid":"581a553faea1ef00ffc7d2c8"},"name":"Charlotte","sold_in":["FR"]}
{"_id":{"$oid":"581a5547aea1ef00ffc7d2c9"},"name":"Clafoutis","sold_in":["FR"]}
{"_id":{"$oid":"581a5556aea1ef00ffc7d2ca"},"name":"Crêpe Suzette","sold_in":["FR"]}
{"_id":{"$oid":"581a5583aea1ef00ffc7d2cb"},"name":"Buñuelo","sold_in":["ES"]}
{"_id":{"$oid":"581a5591aea1ef00ffc7d2cc"},"name":"Arroz con leche","sold_in":["ES"]}
{"_id":{"$oid":"581a559baea1ef00ffc7d2cd"},"name":"Almendras garrapiñadas","sold_in":["ES"]}
{"_id":{"$oid":"581a55aaaea1ef00ffc7d2ce"},"name":"Torrijas","sold_in":["ES"]}
{"_id":{"$oid":"581a55baaea1ef00ffc7d2cf"},"name":"Crepes con naranja y coñac","sold_in":["ES"]}
{"_id":{"$oid":"581a55daaea1ef00ffc7d2d0"},"name":"Pastel de Belém","sold_in":["PT"]}
{"_id":{"$oid":"581a55f3aea1ef00ffc7d2d1"},"name":"Leite Créme","sold_in":["PT"]}
{"_id":{"$oid":"581a55f7aea1ef00ffc7d2d2"},"name":"Pão de Ló","sold_in":["PT"]}
{"_id":{"$oid":"581a560eaea1ef00ffc7d2d3"},"name":"Torta de Azeitão","sold_in":["PT"]}
{"_id":{"$oid":"581a562caea1ef00ffc7d2d4"},"name":"Coca-Cola","sold_in":["PT","ES","FR"]}
{"_id":{"$oid":"581a5633aea1ef00ffc7d2d5"},"name":"Fanta","sold_in":["PT","ES","FR"]}
{"_id":{"$oid":"581a5646aea1ef00ffc7d2d6"},"name":"Café","sold_in":["PT","ES","FR"]}
