{"name": "Star Alliance",
    "airlines":["Air Canada",
      "Adria Airways",
      "Avianca",
      "Scandinavian Airlines",
      "All Nippon Airways",
      "Brussels Airlines",
      "Shenzhen Airlines",
      "Air China",
      "Air New Zealand",
      "Asiana Airlines",
      "Brussels Airlines",
      "Copa Airlines",
      "Croatia Airlines",
      "EgyptAir",
      "TAP Portugal",
      "United Airlines",
      "Turkish Airlines",
      "Swiss International Air Lines",
      "Lufthansa",
      "EVA Air",
      "South African Airways",
      "Singapore Airlines"
      ]}
{"name": "SkyTeam",
    "airlines":["Aeroflot",
      "Aerolinias Argentinas",
      "Aeromexico",
      "Air Europa",
      "Air France",
      "Alitalia",
      "China Airlines",
      "China Eastern Airlines",
      "China Southern Airlines",
      "Czech Airlines",
      "Delta Air Lines",
      "Garuda Indonesia",
      "Kenya Airways",
      "KLM",
      "Korean Air",
      "Middle East Airlines",
      "Saudia",
      "TAROM",
      "Vetnam Airlines",
      "Xiamen Airlines"]}
{"name": "OneWorld",
    "airlines":["Air Berlin",
      "American Airlines",
      "British Airways",
      "Cathay Pacific",
      "Finnair",
      "Iberia Airlines",
      "Japan Airlines",
      "LATAM Chile",
      "LATAM Brasil",
      "Malasya Airlines",
      "Canadian Airlines",
      "Quantas",
      "Qatar Airways",
      "Royal Jordainian",
      "SriLanka Airlines",
      "S7 Airlines"]}
