{ "_id" : 1, "name" : "Dev", "title" : "CEO", "direct_reports" : ["Eliot", "Meagen", "Carlos", "Richard", "Kristen"] }
{ "_id" : 2, "name" : "Eliot", "title" : "CTO", "direct_reports" : ["Andrew", "Elyse", "Ron"]}
{ "_id" : 3, "name" : "Meagen", "title" : "CMO" }
{ "_id" : 4, "name" : "Carlos", "title" : "CRO" }
{ "_id" : 5, "name" : "Andrew", "title" : "VP Eng", "direct_reports" : ["Cailin", "Dan", "Shannon"] }
{ "_id" : 6, "name" : "Ron", "title" : "VP PM" }
{ "_id" : 7, "name" : "Elyse", "title" : "COO" }
{ "_id" : 8, "name" : "Richard", "title" : "VP PS" }
{ "_id" : 8, "name" : "Kirsten", "title" : "VP People" }
{ "_id" : 9, "name" : "Shannon", "title" : "VP Education" }
{ "_id" : 10, "name" : "Dan", "title" : "VP Core Engineering" }
{ "_id" : 11, "name" : "Cailin", "title" : "VP Cloud Engineering" }
