{ "_id" : 1, "name" : "Dev", "title" : "CEO" }
{ "_id" : 2, "name" : "Eliot", "title" : "CTO", "reports_to" : 1}
{ "_id" : 3, "name" : "Meagen", "title" : "CMO", "reports_to" : 1 }
{ "_id" : 4, "name" : "Carlos", "title" : "CRO", "reports_to" : 1 }
{ "_id" : 5, "name" : "Andrew", "title" : "VP Eng", "reports_to" : 2 }
{ "_id" : 6, "name" : "Ron", "title" : "VP PM", "reports_to" : 2 }
{ "_id" : 7, "name" : "Elyse", "title" : "COO", "reports_to" : 2 }
{ "_id" : 8, "name" : "Richard", "title" : "VP PS", "reports_to" : 1 }
{ "_id" : 8, "name" : "Kirsten", "title" : "VP People", "reports_to" : 1 }
{ "_id" : 9, "name" : "Shannon", "title" : "VP Education", "reports_to" : 5 }
{ "_id" : 10, "name" : "Dan", "title" : "VP Core Engineering", "reports_to" : 5 }
{ "_id" : 11, "name" : "Cailin", "title" : "VP Cloud Engineering", "reports_to" : 5 }
